predicted_risk_band,customer_count,avg_churn_probability,total_predicted_revenue_at_risk,avg_monthly_charges
High,1111,0.611490096262768,648246.48,79.17461746174618
Moderate,1562,0.3727957465232919,488107.26,69.63623559539053
Critical,356,0.8174509335312126,290983.35,83.27570224719102
Low,4014,0.08090009045480608,253922.44,57.23359491778774
